,domain
66004,textilgrad.ru
27093,3101310.ru
68797,dsk.ykt.ru/object/44
44145,kp-arkadia.ru
61707,increza.ru/seller/630/catalog
42267,ydacha.ru
23218,lenoblstroy47.ru
3047,pik.ru/yantarny
74617,delpart.ru
43524,investtorg.ru/complex/geometriya
13688,kizlyar-gorod-stroj.ru
62075,leto-home.ru
51986,sfo.rosinv.ru
46190,boldinodom.ru
34904,murino2019.com/objects/murino_2019
47986,up.spb.ru/pushkinsky
31715,zenitkb.ru
30158,my-batumi.store
43928,kirovskiy-abakan.tilda.ws
73843,artcity-spb.ru
71209,nw-estate.com
55611,rodzem.ru/zemelnie-uchastki/zavershennye-proekty/stepankovskie-dachi
59861,etalongroup.ru/tmn/objects/tmn/zhk-schaste-v-tyumeni
14221,peresvet.ru/geo/mo/zavershennie/g_dzerjinskiy_ul_bondareva
22726,msk-krasnodar.ru/m/products/sovremennik
67604,vincent-realty.ru
55577,gknov.ru/%D0%B6%D0%BA-%D1%80%D0%BE%D0%B4%D0%BD%D0%BE%D0%B9-%D1%81%D0%B0%D0%BC%D0%B0%D1%80%D0%B0.%D1%80%D1%84
29668,etalongroup.ru/spb/objects/spb/galaktika-premium
38464,tekekb.ru
67514,chelcti.ru
4497,usk2.ru/project/15-b-mikrorajon-2
20876,r69.rosinv.ru
62584,ho4udom.com/objekty-v-prodazhe/kvartiry/mkrn-tihij-bereg
76375,myland25.ru
6046,edinstvo62.ru
34595,rk-gazsetservis.ru
2526,sk-praga.ru
73867,ivkvartal.ru/projects/avangard
13178,an-kurortnoe.ru
28454,ammis.ru
35438,nedvigka360pro.com
42570,porige.ru
44294,btkdevelopment.ru
14223,nds46.ru
24137,odnovogorsk.ru/newbuildings/odn
11585,bkl.ru
64161,strizhi.market
5044,rdn039.ru/novostroyki/zhk-belye-ozera-3
66878,zapovednii-bor.ru
40952,gupcti.ru
35858,sibdom.ru
74334,vsicapital.ru/parametry-ob_ekta
14874,9262623.ru
31535,repino-park.ru
37800,stroim35.ru/goncharnaya-sheksninskaya-14
32918,seeyour.info/aleksrieltor
54303,tsf71.ru/prodazha_kvartir
25496,city-xxi.ru
77217,zemlya-kyrganovo.ru
1910,balturservis.ru/projects/dom-na-ulitse-ogatyrskoy
35667,pn.ru
76495,vidineevsky.ru
23436,pik.ru/nluga?utm_campaign=varshav_luga&utm_content=kartochka&utm_medium=display&utm_source=yandex.sprav&utm_term=moskva
729,aitax.ru
74094,spectr12.ru/build/53-stroitelstvo-zhilogo-doma-v-yoshkar-ole-na-ulice-shumeleva.html
29943,vertikal-invest.ru/obekty/zhiloy-kompleks-garmoniya
47593,леснаяполяна.su
59345,bsfc.com
78197,dmdland.ru
38025,petrovskaya-rivera.mfcn78.ru
20787,jilfond.ru
76258,aista.expert
4441,zemflex.ru
21621,93regionstroy.ru
71673,tend1.ru
19926,realstroy27.ru/index.php/stroyashchiesya-ob-ekty/210-mnogokvartirnyj-zhiloj-dom-po-per-krasnoarmejskomu
4654,skandinavia38.ru
53901,bc-gostiniydvor.ru
4926,r5group.ru/ap
6709,atlantis-capital.ru
8896,sistema-treid.ru
5266,kvadratspb.ru
72905,zapadbastion.ru
41680,gornaya-panorama.ru
8915,idrieltor.ru
15419,matreshkin-dvor.mymetr.ru
9227,divesdevelopment.ru/share_building
72062,likos.ru/stroycorp/prodazha_kvartir/evraziya
43645,amio.ru
25430,zemtrad.ru/zaozerie_opisanie
59642,stroy.hors.tv/dom-orion2.php
4390,indpark.p-b-p.ru
4904,avestaomsk.ru
13969,kgs44.ru
15277,red220.ru
21939,mairta.com
42785,24kedr.pro
74023,orbita2021.ru
41420,setlgroup.ru/projects/filosofiya
36507,aovm.ru/zvyozdnyj-bulvar
17061,whitewill.ru
57917,su1biysk.ru/doma/491
73967,1470umto.ru
2998,indpark.p-b-p.ru
58267,apart-komplekszvenigorod.ru
2244,finance-partners.ru
70401,dda-re.com/?utm_source=yak
11382,emerald.spb.ru
72146,miard.ru
5636,zvka.ru
63631,you-me.ru
69396,tatar.ru
11027,su155.ru/real_estate/objects/moscow_region/unit_212051/?obj_type=1
8018,klassika76.ru
73645,aniskino.orgstroyinvest.ru
7748,vashvar.ru
47703,knyaz-bereg.ru
24346,novkol.ru
23198,slavno.pro
28041,kapitalan.ru
51521,koledino-park.ru
77966,aovm.ru/kotlyakovskaya-ulica
1050,avanrielt.ru
70668,kvarten.ru
1872,3110505.ru
49473,perspektiva24.com
43598,develius-estate.ru
31977,yugrealt.ru
5524,widget.bookform.ru/5202
3381,oao-integral.ru
5042,enka.com
72443,myshelters.ru
23426,sevcableport.ru
71180,miel.ru/?utm_campaign=voskresensk&utm_medium=maps&utm_source=yandex
49407,an-partnery.ru
23831,pik.ru/realty/moskovskaya-oblast/shelkovo/k17
55107,zhasko.ru
63759,spbsputnik.com
25535,yourshome.ru
63934,t-rosta.com
5746,riointeh.com
12600,mkp-uks.ru/dolevoe-stroitelstvo/internatsionalnaya-46a
15475,sz.stroyresurs126.ru
20472,rss48.ru
76504,aovm.ru/nagornyj-proezd
13842,biysk.jilfond.ru
3965,harmonia-nsk.ru
56888,sozs.ru/kvartira-v-saratove/zhsk-svoyj-dom-5.php
37988,cadastralengineer.business.site
66985,aovm.ru/ulica-nizhegorodskaya
7977,ooo-resultat.ru/dom-na-polevoj
65713,domart.info
18723,novoe-gavrino.ru
46385,miel.ru/?utm_campaign=kievskaya&utm_medium=maps&utm_source=yandex
49038,ekskluziw.24sn.ru
39443,dobryygorod.ru
36966,greenwich03.ru
68700,edinstvo62.ru
73127,beget.com
1219,umiat.novsk.ru
12898,centr-krasok.ru
71682,vereck.ru
73420,sb-mik.ru
31763,mobti.ru/filialy/ozerskoe-otdelenie
71146,da63.ru
57438,group-akvilon.ru
72995,beregmoscow.ru/about
67485,findom-kzn.ru
23061,inparkserp.ru
7378,aovm.ru/1-j-obydenskij-pereulok
40471,aovm.ru/ulica-alabyana
22839,moscow-city-sale.ru/bashnja-evrazija
18512,zvka.ru/catalog/agroposelki/maloe-subbotino
34536,svetlanazakharova.ru
26253,aist92.ru
22281,incom.ru
49177,happy-dom.ru
218,sv-kvartira.ru
18386,aovm.ru/malaya-kaluzhskaya-ulica
50346,3110505.ru
38226,zemligrad39.ru
22670,lidgroup.ru
3770,sk-ips.ru/realty/apartments/leningradskoe-trio
65920,expertadres.ru
63732,forward32.ru/complex/1/5
15741,midlton.ru
75817,kubbti.ru
66355,aovm.ru/ulica-mozhajskij-val
12045,cityparksurgut.ru
6064,rosinv.ru
43273,aurora-stroy.ru/proekty/zhilishhnyj-kompleks-safonova
10429,pro-object.ru
61777,pn.ru
31052,vash-metrazh.ru
46211,piter-center.ru
41946,psk6.ru/objects/under-construction/severnaya-zvezda
30027,kronverksar.ru
12926,giftbookforyou.narod.ru
71494,kupi-zhile.ru
68617,y4astok.ru
5940,fortops.ru
77081,pik.ru
73969,arrpro.ru
50130,stroytrest.spb.ru/apartamenty/aparthotel-avatar
16356,bpt36.ru
44634,enter.estate
38020,otdoxnu.ru
71989,realrent34.ru
22762,goskadastr.com
23300,jensen.ru
70529,ubk-yalta.ru
74146,kameyansk.ru
20286,busines-invest.ru/documents
28663,aovm.ru/okskaya-ulica
57761,vgstroy.ru/objects.html?itemid=4
68615,pik.ru
57756,ten-stroy.ru/proekty/osnovinskiye-kvartaly
30970,mgs-t.ru/objects/dzerzhinskogo-111-3
46834,mil.ru
76398,flat78.clients.site
37683,oao-penzastroy.ru/projects/lukomore
70969,obmencity.ru
7189,ostratova.taplink.ws
22947,pravo-na-zakon.ru
60861,kadastr29.business.site
49928,aovm.ru/chapaevskij-pereulok
63007,domsbs.ru
76005,stellaestate.ru
55416,letoestate.ru
65827,lidgroup.ru/objects/spb/yoga
70054,perelesie.ru
53407,edmc.ru
25975,mkguber.ru
16515,dsgroup.ru/houses/zel_gorod
20792,alfa2017.com
69924,newkislovodsk.ru
50577,5066775.ru/zhemchuzhnyi
40339,jk-festivalpark.ru
53773,partner-app.online
20172,suvarstroit.ru/manhattan
8347,aovm.ru/2-ya-zvenigorodskaya-ulica
3930,finskiikvartal.vrndk.ru
11980,forestkey.ru
19613,resta36.ru
15332,acentauri.ru
11848,masterplace.spb.ru/?utm_campaign=masterplace&utm_medium=banner&utm_source=maps.yandex
59046,bsa-dom.ru
77074,grazhdanstroy.ru
10147,dacha-dnp.ru
65415,stroytrest.spb.ru/kottedzhnye-poselki/sad-vremeni
2270,arendmir.ru
24421,pan.pfpg.ru
45950,rosinv.ru
46798,r07.rosinv.ru
10307,samolet.ru
63515,evrosklad-kazan.ru
11503,vatutinki.ru/central
67142,glav.biz
4982,kfk1.ru/catalog/?complex=4696
28734,miel.ru
64726,listgroup.ru/zhilye-doma/?type=flats
15790,beregdom.ru
44536,stroyteks.ru/step_buildings.php?complex=1
11724,zimaleto-realty.ru
59065,klimovsk-oblik.ru
74191,snt-luzhki.ru
51512,aovm.ru/sushchyovskaya-ulica
57908,oji21.ru
44322,adalin-stroy.ru/prjects/mars
35866,method-sk.ru/projects/house-snezhinsk.html
23482,my-armyansk.com
29444,vesnapnz.ru
58666,prokcorp.ru
99,aidar.su
48035,rosinv.ru
26133,gtgr.ru
64233,flatroom.agency
10624,rosinv.ru
13975,stroysevkav.ru/objects/complex/sb
4711,samolet.ru/project/novoe-vidnoe
35142,krdgid.ru
66624,romex.su
32532,taplink.cc/fardwoman__design
47304,terracadastre.ru
28351,sds-finance.ru
59580,t-dsk.ru/about-company/readyproject/namendeleeva
39889,psk-zevs.ru
74403,domian-agent.ru
57330,ellada-trade.ru/titan-about.html
46031,psfond.ru/building_objects/microdistrict/house-time
1744,brokernsk.pro
36434,green-park.city
6304,aq-anapa.ru
67381,domostroy-kirov.ru
7518,777771.ru
69586,blagodatovo74.ru
55623,hm-d.ru
53237,vesna45.ru
18273,aovm.ru/3-ya-bogatyrskaya-ulica
71588,moments.forma.ru
56525,novostroyki-mo.ru/povarovo.php
47717,nm59dom.turbo.site
34524,aspecdom.ru/projects/57
34201,afi-park.ru
52006,kazan-flat.ru
28411,kr-pro.ru/kadashi-loft
65402,volna-malinovka.ru
12822,my-adres.ru
68023,vobti.ru
11906,riga-residence.ru
76860,ekopark.asset-rf.ru
45691,48.kadastr.ru
32953,kvartrieltsam.turbo.site
34621,nbrealty.ru
67075,kp-dubrava.ru
60572,aovm.ru/1-j-paveleckij-proezd
34222,prof-anapa.ru
60457,ulbti.ru
49517,absrealty.ru
65755,ww.facebook.com/bion-online-295871797713444
9691,ubkygs.ru/taunxaus-na-gorkogo-12
27377,novostroyka-kaluga.ru/?page=3-akademicheskiy-proezd
2962,aovm.ru/10-ya-radialnaya-ulica
23989,toreza.lidgroup.ru
49442,apuhimki.ru
19612,ibogatyr.ru/catalog/kaipy
65620,zemlya44.ru
35078,mairta.com/nashi-novostroyki.php
74033,forestclub37.ru
65446,clk.dokon.biz
35798,advecs.com
21382,rost-bti.ru
11767,zhcom.ru
21832,anavangard.ru
15934,poselkiinfo.ru/poselki/poselok/chernichnye-polja
61235,metriks.ru
10659,nedvizhimost.vsesvoi.org
58526,zhkneptun.ru
56675,belyi-gorod.ru
66279,sinaps-auto.ru
76204,univermagufa.ru
12194,klubnika.spb.ru
27640,dubai.grandclassic.ru
30657,garantiya-bezopasnosti.ru
40802,greenpark-nn.ru
11820,flagmankrd.ru/objects/7-continent
78831,84km.ru
27586,alfa59.ru/catalog/location/zhk-balatovskiy
3068,aovm.ru/selivyorstov-pereulok
68412,ammis.ru
18323,gorki-river-park.ru
47790,s-alley.ru
48119,ok2.naholmah.ru
36844,sk-35.ru/proektyi/realizuemyie/g.-vologda/mnogokvartirnyij-zhiloj-dom-po-ul.-gagarina
31973,grazhdanstroy.pro
51656,modernspb.com
34364,kempolovo.ru
47970,strana.com/proekty/kolumb
21552,kf.expert/spb
53638,abdevelopment.ru
71152,odnoklassniki.ru/group/51387284193350
60381,st-chaz.ru/projects/pozitsiya-31.html
24373,meridian72.ru/objekty/horoshiy
74636,rosinv.ru
15984,etalongroup.ru/kzn
68410,pik.ru
1413,arendarostov.ru
13952,sk71.ru
69327,landyshi.mfcn78.ru
33248,aovm.ru/voznesenskij-pereulok
15333,bti76.ru
62889,krepostnoy100.ru/about
26843,strana-wow.com
58703,rivieradom.ru
53921,iccpr.ru/projects/bulvar_znaniy.php
12755,aovm.ru/2-j-donskoj-proezd
24675,su5aksay.ru/proiekty
12897,karkas-tambov.ru/residential
35795,rivieranovogorsk.ru
6482,gk-usi.ru
71019,ooopino.ru
24946,jilfond.ru
6765,setlgroup.ru/projects/moreokean
30840,kvartal23.ru/objects
18434,pik.ru/kron14?utm_campaign=kronshtad_14&utm_content=kartochka&utm_medium=display&utm_source=yandex.sprav&utm_term=moskva
54910,nk-klin.ru
3094,chestna111.turbo.site
56959,l-invest.ru
28884,mgfabakan.ru
50329,gorkinaoke.ru
15388,gorem-3.ru
61902,vobti.ru
73027,centrstroy.ru/objects/g-reutov-mikrorayon-8-yubileynyy-prospekt.php
52282,rodnik2.ru
12116,pst29.ru/novostroy/zhk-%C2%ABonegin%C2%BB
30901,kre.ru
63341,frgs.online/proekty/novokuznetsk/zhk-1-novokuznetsk
21747,klyuchoryol.jj2.ru
63790,pgsz.ru
66930,rusdom32.ru/objects/3/54
17260,pik.ru
47191,magistrat-don.ru/object/francuzskiy_kvartal
49920,grazhdanstroy.ru/shop/perspektivnye-obekty/zhk-na-naberezhnoy-ul-bkrasnoflotskaya
16679,jbi3-stroy.ru
54142,kalitva.nasledie-don.ru
69776,korolev-dom.ru
29694,br-stan.com
49043,snt-zio3.ru
54970,admkirov.ru
20473,litavrina.rss48.ru
46016,spbrealty.ru
48462,limon.cx/nedvizhimost/rossija/belgorod
58073,ksk21.ru
62854,karelia.ru
15154,ao-gns.ru
53815,nedvizhimost-krasnogoskyi-raion.vsesvoi.org
57934,zen.yandex.ru/ammis
2835,avirondevelopment.ru/villages/berezka_all_seasons
71168,promstroisentr.ru
4945,dreamzem.ru
53871,credit-center.ru
28159,primevilla.ru
72368,bkmarlin.ru
68973,group-gbi2.ru
16712,agentstvo3d.ru
51051,ssin.ru
13598,comstrin-perm.ru/projects/zhiloj-kompleks-viktoriya
32926,ongcvidesh.in
3102,btiufa.ru
62021,zemlyamo.ru/kottedzhnye-poselki/kp-sosnovyy-bereg-2
38893,irkutsk.vladis.ru
70554,skmpk.ru
74185,kvartiramarket.com
73550,lsr.ru/spb/zhilye-kompleksy/tri-vetra
7083,v-stroy.org/portfolio/on_sale.html
77422,region47.sbor.net
38007,fortisgroup.ru
56020,rosinv.ru
17592,100kvadratov.com
